{
  "super": 1601770592.792469,
  "hvmarket": 1602148592.829747,
  "equip_ranges": 1602072992.893757
}