{
  "super": 1607288129.494481,
  "hvmarket": 1607288129.373371,
  "equip_ranges": 1610202830.151363
}