{
  "super": 1599975318.833541,
  "hvmarket": 1600331547.13348
}