{
  "super": 1601190551.065634,
  "hvmarket": 1601071600.771869,
  "equip_ranges": 1600730007.822505
}