{
  "super": 1600574417.626973,
  "hvmarket": 1601071600.771869,
  "equip_ranges": 1600730007.822505
}