{
  "super": 1600574417.626973,
  "hvmarket": 1600536703.15374
}