{
  "super": 1599975318.833541,
  "hvmarket": 1600536703.15374
}