{
  "super": 1602381142.186707,
  "hvmarket": 1602499942.302011,
  "equip_ranges": 1602072992.893757
}