{
  "super": 1600574417.626973,
  "hvmarket": 1600884868.381136,
  "equip_ranges": 1600730007.822505
}