{
  "super": 1600574417.626973,
  "hvmarket": 1600709521.298913,
  "equip_ranges": 1600730007.822505
}